Id,Squarefoot,Bathrooms,Bedrooms,SalePrice
1461,11622,1,2,169277.0525
1462,14267,2,3,187758.394
1463,13830,3,3,183583.6836
1464,9978,3,3,179317.4775
1465,5005,2,2,150730.08
1466,10000,3,3,177150.9892
1467,7980,3,3,172070.6592
1468,8402,3,3,175110.9565
1469,10176,3,2,162011.6988
1470,8400,2,2,160726.2478
1471,5858,3,2,157933.2795
1472,1680,2,2,145291.245
1473,1680,2,3,159672.0176
1474,2280,3,3,164167.5183
1475,2280,1,2,150891.6382
1476,12858,3,3,179460.9652
1477,12883,2,3,185034.6289
1478,11520,2,3,182352.1926
1479,14122,2,3,183053.4582
1480,14300,4,3,187823.3393
1481,13650,4,3,186544.1143
1482,7132,2,2,158230.7752
1483,18494,2,3,190552.8293
1484,3203,2,2,147183.6749
1485,13300,4,3,185855.3009
1486,8577,3,3,174350.4707
1487,17433,3,4,201740.6207
1488,8987,2,2,162986.3789
1489,9215,2,2,162330.1991
1490,10440,3,2,165845.9386
1491,11920,3,3,180929.6229
1492,9800,1,2,163481.5015
1493,15410,3,3,187798.0767
1494,13143,4,4,198822.1989
1495,11134,4,4,194868.4099
1496,4835,3,2,152605.2986
1497,3515,3,2,147797.7028
1498,3215,3,2,150521.969
1499,2544,4,2,146991.6302
1500,2544,4,2,150306.3078
1501,2980,4,2,151164.3725
1502,2403,3,2,151133.707
1503,12853,3,1,156214.0425
1504,7379,4,3,171992.7607
1505,8000,3,3,173214.9125
1506,10456,3,4,192429.1873
1507,10791,4,4,190878.6951
1508,18837,4,3,194542.5441
1509,9600,3,4,191849.4391
1510,9600,3,3,176363.7739
1511,9900,2,3,176954.1854
1512,9680,3,3,176521.217
1513,10600,2,3,179436.7048
1514,13260,4,6,220079.7568
1515,9724,2,3,175502.9181
1516,17360,2,3,188321.0738
1517,11380,2,2,163276.3245
1518,8267,2,4,185911.3663
1519,8197,3,3,171392.831
1520,8050,2,3,174418.207
1521,10725,1,3,179682.7096
1522,10032,3,3,179423.7516
1523,8382,1,3,171756.9181
1524,10950,2,2,166849.6382
1525,10895,1,3,181122.1687
1526,13587,2,2,170934.4627
1527,7898,2,2,159738.2926
1528,8064,2,3,174445.7596
1529,7635,2,3,174706.3637
1530,9760,2,2,164507.6725
1531,4800,2,3,163602.5122
1532,4485,2,2,154126.2702
1533,5805,3,3,171104.8535
1534,6900,1,3,167735.3927
1535,11851,1,3,183003.6133
1536,8239,1,3,172580.3812
1537,9656,1,2,165407.8891
1538,9600,2,3,176363.7739
1539,9000,3,3,175182.9509
1540,9045,2,4,190757.1778
1541,10560,2,2,167186.9958
1542,5830,2,3,167839.3768
1543,7793,2,3,173912.4212
1544,5000,2,2,154034.9174
1545,6000,2,2,156002.9558
1546,6000,3,3,168173.9433
1547,6360,2,3,168882.4371
1548,6000,2,3,168173.9433
1549,6240,1,2,157580.1776
1550,6240,2,4,181922.1526
1551,6120,2,2,155134.2278
1552,8094,2,4,188885.5733
1553,12900,2,3,183963.193
1554,3068,2,3,161298.7623
1555,15263,2,3,188613.6676
1556,10632,2,3,175080.1118
1557,9900,2,3,174744.4003
1558,6001,1,3,168175.9113
1559,6449,2,4,182333.4726
1560,6048,3,2,158307.2067
1561,10773,4,4,193053.0555
1562,7800,2,3,175031.09
1563,7832,2,2,160713.2946
1564,7424,2,3,173186.215
1565,11227,2,4,191736.7598
1566,20062,3,1,170401.631
1567,9259,1,2,164626.5779
1568,17082,4,4,205469.4094
1569,18600,3,4,209561.7842
1570,11479,2,3,182271.5031
1571,9350,1,3,178081.5494
1572,9525,2,3,178425.9561
1573,17485,2,1,162015.3185
1574,11200,2,3,181722.4204
1575,11980,3,1,156705.7302
1576,12361,4,3,182902.4203
1577,7360,2,2,157574.5954
1578,14235,2,3,184380.7391
1579,11105,2,2,169364.4692
1580,9337,3,3,175846.1798
1581,15240,3,3,189673.2953
1582,7480,2,3,174401.3177
1583,10389,4,3,179021.4487
1584,9375,3,4,189196.8453
1585,4435,2,1,139647.0957
1586,8777,1,2,161468.1983
1587,8842,1,3,171557.3232
1588,10044,2,3,179447.368
1589,11792,1,2,169611.619
1590,6305,2,3,172088.8727
1591,6410,1,3,171190.6241
1592,4853,2,2,154850.5084
1593,7890,2,2,158617.6557
1594,7200,3,6,209258.3369
1595,9839,2,3,177939.0276
1596,10452,3,4,194631.1003
1597,15600,3,5,213618.8716
1598,19645,4,3,198342.5042
1599,3907,2,1,138607.9715
1600,3907,2,2,150778.959
1601,8154,1,1,146966.2303
1602,9140,1,2,162182.5962
1603,8712,1,3,176825.941
1604,3811,4,2,152799.8124
1605,11050,4,3,180322.3221
1606,9620,3,3,177508.0272
1607,12760,3,5,208029.6427
1608,11896,3,3,181987.2825
1609,9803,2,2,160172.728
1610,9802,3,3,176761.3177
1611,15300,2,2,176515.4975
1612,10114,2,3,176270.4531
1613,11875,2,3,183050.8463
1614,2394,3,2,150011.1021
1615,1476,2,3,159270.5378
1616,1900,2,3,163419.6637
1617,1890,2,3,163399.9833
1618,6953,1,3,173364.1615
1619,12887,2,2,169556.8359
1620,7700,6,4,183690.596
1621,10475,2,3,176980.9149
1622,10544,2,5,204773.3622
1623,9892,5,3,174728.656
1624,12961,4,3,181873.4582
1625,13008,1,2,177322.0008
1626,10200,3,4,193927.939
1627,10179,3,3,181715.6227
1628,11792,3,4,199270.8412
1629,8400,3,3,177109.59
1630,7296,3,1,153909.5783
1631,7380,3,2,162931.2033
1632,8013,3,2,166386.7567
1633,8923,3,3,173719.3038
1634,7500,4,3,179757.9257
1635,8803,4,3,179007.602
1636,7250,2,3,180370.8086
1637,11900,4,3,185102.6167
1638,13250,3,4,198825.5635
1639,10928,2,3,184294.576
1640,12388,3,4,200443.7921
1641,11088,2,3,181294.7845
1642,7000,4,3,174354.3363
1643,7500,3,3,172023.6778
1644,8470,3,3,181666.9229
1645,9373,3,3,179024.4913
1646,10140,3,3,178324.1916
1647,11050,2,3,184534.6767
1648,7830,2,2,159397.2504
1649,8510,3,3,178430.9667
1650,7038,2,3,177743.7994
1651,9000,1,3,179395.3055
1652,1680,3,2,151713.3847
1653,1680,3,2,151713.3847
1654,2308,3,3,168434.978
1655,2280,3,2,153999.1003
1656,2349,3,3,164096.0974
1657,2364,4,3,166335.403
1658,2364,3,3,163020.7254
1659,2104,2,2,155862.5107
1660,10710,2,3,182760.6511
1661,14257,5,4,201912.2706
1662,12350,4,3,185988.234
1663,12350,3,3,183778.4489
1664,13693,5,2,170935.8592
1665,11578,2,3,184468.9084
1666,16870,3,3,191569.0897
1667,23303,4,5,232991.0256
1668,10367,3,3,180980.7214
1669,10872,3,2,164279.1305
1670,13514,3,3,183859.4604
1671,12878,3,3,185922.4657
1672,15274,4,3,191742.7781
1673,13262,4,4,199954.0725
1674,9658,2,3,180690.2748
1675,6904,2,2,163099.3096
1676,5122,3,1,140791.9225
1677,10307,3,2,166481.8665
1678,14836,4,2,172080.4345
1679,15262,4,3,191719.1617
1680,7390,3,2,160741.0986
1681,6472,2,2,157829.5469
1682,16770,3,3,196896.7486
1683,3480,2,2,159675.424
1684,10928,3,3,182084.7909
1685,8918,3,3,179233.9264
1686,3182,2,2,155774.2709
1687,9434,3,3,181354.3267
1688,7984,3,3,179605.5637
1689,10125,3,3,181609.3487
1690,8965,4,3,178221.5316
1691,8174,4,3,175559.9207
1692,12891,4,4,200328.8228
1693,9734,3,3,178630.0606
1694,8433,4,3,177174.5352
1695,7750,3,3,172515.6874
1696,15896,4,4,204032.9929
1697,7848,3,3,176023.2328
1698,12720,4,4,202202.0733
1699,10750,3,3,181734.4801
1700,9085,4,3,183982.159
1701,11692,4,3,188007.9424
1702,11194,2,3,185922.9668
1703,10206,3,3,183978.5449
1704,10130,3,3,177199.6186
1705,9139,2,3,181878.648
1706,11128,3,2,173622.0887
1707,7993,2,3,180728.1686
1708,8640,2,3,176477.0266
1709,12606,2,3,184282.2667
1710,7500,2,2,162062.4754
1711,10603,4,3,182550.071
1712,8125,2,3,180987.9496
1713,10625,3,3,178173.7976
1714,8736,3,3,179980.6359
1715,8127,4,3,173257.6378
1716,9605,2,3,177271.2911
1717,7500,3,3,175338.3554
1718,7500,2,3,177548.1405
1719,10628,3,3,175969.9166
1720,10141,2,3,175011.482
1721,13072,2,3,185199.3726
1722,13072,2,3,188514.0502
1723,12450,3,3,185080.1453
1724,7328,2,2,157304.4026
1725,11492,4,4,194260.8595
1726,7703,3,3,181262.33
1727,7175,2,2,157003.2927
1728,9109,4,3,182924.4994
1729,10274,3,3,181902.5864
1730,8250,2,4,188985.3717
1731,9750,2,3,185290.9045
1732,8499,2,3,177304.4258
1733,9079,1,2,166274.9005
1734,9316,2,3,177807.4205
1735,7791,2,3,180330.6248
1736,7150,2,3,179069.1122
1737,15676,3,2,175943.3718
1738,11949,4,3,185199.0506
1739,2880,3,3,167350.9108
1740,3830,3,2,149315.3119
1741,4217,3,1,139010.8478
1742,2998,4,2,155412.1518
1743,3768,4,3,171308.314
1744,14694,3,2,176220.5433
1745,15417,2,2,177643.435
1746,9600,3,4,187222.6533
1747,12732,3,3,185635.1321
1748,10400,3,5,206492.5342
1749,9600,3,3,181681.0211
1750,9000,2,3,180500.1981
1751,13774,3,4,206486.1709
1752,7130,2,2,161334.3012
1753,9600,2,3,176156.5583
1754,9600,4,4,191642.2235
1755,16500,3,3,191945.808
1756,7436,2,2,164146.306
1757,8125,1,3,179883.0571
1758,9450,2,3,178071.1377
1759,13495,3,3,188241.6379
1760,9350,3,3,174559.6562
1761,10500,3,3,182347.363
1762,8970,3,4,191507.2519
1763,11475,2,4,199751.8656
1764,9768,2,2,162106.4161
1765,9900,2,2,164575.9823
1766,10573,3,3,179176.3522
1767,14695,3,2,177327.4039
1768,8760,2,3,177818.0838
1769,12285,2,3,186965.204
1770,9240,3,3,178762.7422
1771,8750,2,3,183322.8661
1772,8750,2,3,178903.2959
1773,10400,2,3,186570.1294
1774,9482,2,4,199144.2428
1775,8128,2,3,172154.7133
1776,13070,1,2,177444.0192
1777,8480,2,2,166200.9381
1778,7626,2,2,158995.7706
1779,9533,2,2,168273.2825
1780,11419,3,3,189680.4531
1781,9600,1,3,181681.0211
1782,5470,1,2,160277.1426
1783,10800,3,4,197318.5472
1784,8146,1,2,162228.9356
1785,10230,1,3,187340.4555
1786,10410,2,3,181065.347
1787,7200,2,4,190233.6091
1788,5400,2,2,157929.5949
1789,10800,1,2,168557.0019
1790,10800,2,1,160805.5846
1791,9671,4,6,221648.392
1792,10143,2,3,180539.8808
1793,11500,2,3,182105.6163
1794,8010,2,2,166380.8526
1795,10454,1,3,178942.1556
1796,9000,1,2,162804.7478
1797,8064,1,3,183077.6844
1798,7350,1,3,171728.472
1799,7200,2,2,164786.7415
1800,8000,2,3,177427.2672
1801,10800,2,4,197318.5472
1802,8064,1,3,178658.1142
1803,7570,2,4,185437.3205
1804,8604,2,2,169759.6525
1805,7936,2,3,173986.6351
1806,4080,1,3,168607.6643
1807,10307,3,4,194138.5191
1808,15660,2,3,192502.4409
1809,9900,2,3,176746.9698
1810,6406,2,3,177604.8917
1811,7627,2,4,193283.7466
1812,10134,1,3,181627.061
1813,6000,2,3,169071.6203
1814,7404,1,2,167398.0065
1815,5925,1,1,150106.5051
1816,8520,1,2,159650.3043
1817,9600,2,3,179471.236
1818,8400,2,3,177109.59
1819,3600,2,3,166558.1133
1820,3300,1,2,153796.7143
1821,5400,1,3,174520.1526
1822,9720,1,4,196297.9583
1823,9392,1,2,169100.6816
1824,6615,1,3,176911.3192
1825,4960,2,3,169234.6455
1826,6000,1,3,172386.2979
1827,6120,1,2,156031.9048
1828,6120,2,3,168202.8923
1829,8635,2,2,166505.984
1830,8094,2,3,176507.3702
1831,9928,2,3,180116.7526
1832,3000,2,4,183072.7406
1833,6876,3,4,189595.9647
1834,5775,1,3,167523.9191
1835,5852,3,6,210817.7759
1836,5160,1,3,172942.9308
1837,5160,2,1,145286.2781
1838,10320,3,3,176468.6534
1839,4280,2,2,159040.0696
1840,10800,6,3,178518.2043
1841,10547,4,2,169163.9808
1842,9780,3,4,189786.6853
1843,11625,2,3,181246.7285
1844,8014,2,3,176349.9272
1845,15400,2,4,205266.631
1846,15312,2,3,187397.9934
1847,15584,3,4,208943.4277
1848,9000,1,2,165014.5329
1849,15635,1,2,182492.0376
1850,9571,2,2,161718.7126
1851,9350,2,3,180084.1189
1852,7440,2,3,178534.9508
1853,4235,3,2,151217.26
1854,10778,3,1,156342.7176
1855,19255,2,2,188511.4438
1856,10560,4,3,183570.3379
1857,26400,1,4,225810.1603
1858,7018,2,6,214217.4011
1859,7018,2,4,187665.641
1860,7040,4,2,161157.1777
1861,7007,2,4,187643.9926
1862,11855,8,6,228156.3728
1863,7939,8,6,220449.5347
1864,7976,8,6,220522.3521
1865,10933,3,1,156647.7635
1866,10816,3,3,187388.8334
1867,9178,2,3,178640.7238
1868,11422,3,3,180847.2167
1869,6762,3,2,159505.1705
1870,10324,3,2,164305.538
1871,11645,2,3,180181.1967
1872,11646,3,3,184602.735
1873,16698,4,3,193440.3722
1874,9757,2,3,184199.7882
1875,14753,3,3,196241.8929
1876,8750,4,3,175588.6183
1877,10739,3,3,179503.0465
1878,11166,2,3,183658.0766
1879,16269,1,3,193700.9763
1880,6950,2,2,165399.6245
1881,11664,3,3,186847.9448
1882,12334,3,4,198127.7329
1883,8749,3,3,183320.8981
1884,11250,3,3,181613.6067
1885,15750,3,2,178298.7918
1886,12782,3,3,185733.534
1887,8750,3,3,180008.1885
1888,10200,3,3,175127.5962
1889,11069,3,3,183467.1769
1890,10682,2,3,182705.546
1891,3675,2,2,152324.9436
1892,6410,1,3,169878.516
1893,11767,2,3,183735.9751
1894,10926,2,6,224118.2801
1895,11767,1,2,169355.2025
1896,8212,1,3,180054.2764
1897,6300,2,3,174081.602
1898,5707,2,3,168494.985
1899,8574,1,3,181871.5988
1900,7155,1,3,173554.4897
1901,13680,3,2,169805.3822
1902,14680,1,2,176192.9907
1903,8145,3,5,204264.3928
1904,9100,2,2,169630.907
1905,13339,3,3,185724.8388
1906,15600,3,3,195699.0363
1907,17500,3,3,189494.2762
1908,1733,1,2,149607.9057
1909,1488,3,2,154650.199
1910,1612,2,2,151579.5581
1911,13607,4,3,185147.3805
1912,17597,3,3,196314.5312
1913,8660,2,5,210802.3954
1914,10200,1,2,166271.2864
1915,3843,4,2,154865.3591
1916,21780,1,1,173575.5053
1917,10125,3,3,179399.5636
1918,9750,2,2,164280.7766
1919,9360,3,2,171247.4895
1920,11070,3,2,166878.5872
1921,13438,3,3,188129.4597
1922,14463,3,3,183517.3437
1923,9839,3,3,175522.0269
1924,14419,5,3,190060.1053
1925,9157,3,3,174179.8248
1926,12633,3,2,171059.5237
1927,12518,1,3,183004.1868
1928,13383,2,3,183601.6474
1929,7689,2,2,163539.3272
1930,7706,2,2,164677.6764
1931,7669,2,2,162395.0739
1932,10429,2,3,182207.6323
1933,10457,2,4,192223.9398
1934,8702,3,3,176391.8294
1935,8139,3,3,181913.1791
1936,9535,3,3,179136.0979
1937,15038,3,3,196595.5682
1938,14137,3,3,194822.3657
1939,6264,3,1,148356.6694
1940,5070,2,2,160387.6043
1941,11184,3,3,181276.5006
1942,14067,4,3,192474.8179
1943,5950,3,2,157699.9078
1944,13543,4,5,215785.5408
1945,15401,3,2,181824.301
1946,31220,1,3,221813.0095
1947,8118,3,2,165281.2926
1948,47280,3,3,255629.4905
1949,12680,3,2,173154.591
1950,10825,3,3,183884.6525
1951,18559,3,3,200210.3536
1952,14450,3,3,186599.2213
1953,13068,3,3,192718.5327
1954,10400,3,3,178628.666
1955,9743,2,3,180650.3424
1956,12511,4,4,206003.1079
1957,10400,2,2,166457.6784
1958,14311,4,4,202916.2217
1959,9000,4,4,192463.97
1960,10295,1,2,171775.4972
1961,7560,2,3,175249.2221
1962,1680,3,2,147086.5989
1963,1890,2,2,149709.6721
1964,1680,3,3,171411.4045
1965,2308,3,4,178188.9648
1966,2529,2,2,156491.7114
1967,12704,3,3,180953.2412
1968,13693,4,4,203909.7591
1969,14418,3,2,175470.1491
1970,13418,4,4,205578.3336
1971,12539,4,4,199428.8577
1972,12151,4,3,187599.1639
1973,8899,3,4,192265.1981
1974,10574,4,4,196666.5549
1975,12720,4,1,155537.8623
1976,10845,3,2,169543.2406
1977,16900,4,4,202487.0102
1978,16451,3,4,208232.7163
1979,10110,3,2,173621.1952
1980,12304,2,2,172414.6086
1981,8232,3,2,164400.7564
1982,6240,3,2,160480.424
1983,6240,2,2,156060.8538
1984,2448,3,2,157437.1928
1985,3940,3,2,158163.7209
1986,3940,3,2,154849.0433
1987,3710,2,2,152186.6093
1988,9024,3,3,180340.2154
1989,8010,3,3,178344.6245
1990,8396,3,4,190170.3823
1991,7301,3,2,168092.9755
1992,8220,3,3,178757.9126
1993,7750,3,3,174518.2569
1994,12460,3,4,198168.4901
1995,8390,3,3,176882.694
1996,9660,3,3,183801.6729
1997,11000,3,4,196400.0467
1998,11675,3,2,172281.605
1999,10990,4,4,196380.3663
2000,11929,3,4,198228.3543
2001,10010,4,4,195556.5813
2002,13253,3,3,186453.2645
2003,9801,3,3,181869.3812
2004,9428,4,3,175610.8401
2005,10037,2,3,183438.7308
2006,8640,2,3,179584.4887
2007,10625,2,3,182386.1522
2008,7500,3,2,160750.3672
2009,10110,4,3,182477.505
2010,12774,3,3,187720.3592
2011,13072,2,3,187201.9421
2012,9260,2,3,176385.1022
2013,8453,3,3,175901.7878
2014,8480,4,3,182584.2802
2015,14565,3,3,195664.6861
2016,8450,4,3,181420.3465
2017,8285,4,3,176676.05
2018,9100,2,3,181594.6789
2019,8100,2,3,178521.748
2020,8450,2,3,175895.8837
2021,6360,1,3,168468.0059
2022,19508,3,3,200973.1294
2023,10759,2,4,197030.642
2024,9205,4,4,192867.4178
2025,11025,4,4,196449.2476
2026,3435,2,1,141684.1964
2027,3180,4,2,153353.3341
2028,3180,2,2,151143.549
2029,2280,4,3,163753.0871
2030,4765,3,2,158682.46
2031,4538,3,1,144959.8353
2032,4385,3,2,160144.3905
2033,4109,3,2,156286.5343
2034,2160,4,3,165726.7076
2035,10646,4,3,182427.481
2036,2645,4,3,173310.5615
2037,2645,4,3,173310.5615
2038,3951,4,2,151556.014
2039,11064,3,1,158908.1461
2040,24572,4,3,209834.3831
2041,16280,4,3,192410.5166
2042,7500,3,3,174026.2473
2043,11104,3,4,195499.8301
2044,11050,2,4,200918.0188
2045,15387,2,4,207243.616
2046,9750,2,4,196149.7839
2047,8814,2,4,192097.9149
2048,8125,2,3,178570.9489
2049,11072,2,6,228617.9683
2050,13355,2,4,199929.8844
2051,7785,1,2,160206.3656
2052,9900,2,3,179854.4319
2053,11332,2,3,185987.3405
2054,4882,1,2,161122.5056
2055,9600,2,3,175949.3427
2056,9600,2,3,183683.5906
2057,7584,1,3,176401.3476
2058,14670,3,4,205832.5325
2059,8856,2,3,177799.7998
2060,9840,3,2,167565.3621
2061,13200,2,3,186348.9584
2062,10425,2,3,179782.7595
2063,11556,2,2,169837.6233
2064,9373,2,3,178817.2757
2065,12774,1,2,174444.4791
2066,14250,2,3,192834.9689
2067,8838,3,4,196564.718
2068,12436,2,5,206977.567
2069,10122,1,1,157054.2539
2070,7506,1,3,175142.9481
2071,5400,1,2,159932.1644
2072,10836,2,3,182801.4083
2073,10180,3,3,181510.3752
2074,11355,2,3,181613.0351
2075,12929,2,3,186920.5126
2076,7200,1,2,157950.1706
2077,8000,3,3,176115.159
2078,8000,2,3,182744.5143
2079,8064,2,3,180660.6837
2080,6390,2,2,160775.6298
2081,7200,1,4,186711.7158
2082,8513,2,6,223581.7582
2083,7200,2,3,172330.9432
2084,7200,2,2,163474.6334
2085,7590,1,3,175308.2633
2086,9836,2,3,187462.7253
2087,9184,1,3,180655.1015
2088,4800,1,2,152121.986
2089,4800,1,2,159856.2339
2090,6000,2,4,186559.8549
2091,11426,2,3,183962.551
2092,7628,2,2,162107.1687
2093,7308,1,2,162582.289
2094,5400,2,2,154407.7016
2095,10800,2,3,181625.6664
2096,6756,1,2,164810.6095
2097,5914,1,3,176429.4012
2098,9000,1,3,179188.0899
2099,7311,1,1,145997.6354
2100,12205,2,5,218676.7683
2101,9142,2,4,188323.8612
2102,5350,1,3,168690.0723
2103,9143,1,2,165088.7468
2104,9600,2,4,191435.0079
2105,6000,2,3,168864.4047
2106,11340,1,2,176041.8824
2107,10800,2,5,215911.6744
2108,9750,2,2,167388.2386
2109,8516,1,2,163854.7868
2110,7111,1,2,163299.478
2111,7425,2,3,178298.2146
2112,7010,2,3,176376.5862
2113,5000,1,3,170211.044
2114,5870,2,3,170818.3448
2115,6000,2,3,174388.8674
2116,6000,1,2,161112.9874
2117,6000,2,3,172179.0823
2118,6000,2,2,157798.3097
2119,5000,1,3,169106.1514
2120,5520,2,3,170129.5314
2121,5940,1,2,157680.2274
2122,6240,2,2,162690.2091
2123,6120,1,1,146968.3794
2124,6240,2,4,181507.7214
2125,6120,2,4,191215.5898
2126,9144,2,4,189432.6898
2127,8094,2,5,207271.485
2128,4347,1,3,170030.8075
2129,6291,1,1,148409.8065
2130,10266,2,4,193850.614
2131,6876,2,4,193808.3193
2132,10320,2,2,166300.2354
2133,7200,1,2,163474.6334
2134,7006,3,3,177473.6066
2135,10320,1,1,157443.9255
2136,10320,2,3,180681.008
2137,9488,1,3,183463.1703
2138,11235,2,3,182481.7631
2139,13014,2,3,193717.1512
2140,10265,2,3,182782.551
2141,7703,2,3,175530.6516
2142,9981,1,3,177804.0579
2143,7400,2,2,159448.6708
2144,12900,2,3,181338.9767
2145,9239,2,3,178553.5585
2146,14175,2,1,162820.9283
2147,10532,3,3,188832.48
2148,8375,3,2,164682.1859
2149,10200,1,3,181549.7359
2150,20270,3,3,199158.097
2151,5190,1,2,152889.521
2152,19550,2,2,181150.5517
2153,9571,2,3,181416.7324
2154,9350,2,2,164391.2382
2155,9360,2,3,185421.0465
2156,9771,4,4,193981.3276
2157,9938,4,3,178824.3248
2158,14171,3,4,209270.0516
2159,10541,3,3,177801.2668
2160,10616,3,3,179053.7622
2161,9345,2,3,178762.1706
2162,11778,3,3,184655.3005
2163,11778,4,3,191284.6558
2164,11454,3,3,179598.0858
2165,11500,3,2,167517.6281
2166,9750,2,3,182873.9038
2167,8696,3,3,177484.9137
2168,13142,4,3,188444.5973
2169,8998,3,3,179184.1538
2170,12192,4,3,184365.1758
2171,12250,2,3,184479.322
2172,9216,2,3,182927.8639
2173,14330,3,2,178611.6394
2174,10400,3,3,181943.3436
2175,9720,4,3,175080.6148
2176,14860,3,3,190720.7946
2177,10905,3,4,198422.8681
2178,11690,3,3,184482.1131
2179,4426,2,1,139214.9522
2180,10126,4,2,169233.1136
2181,9750,2,3,180664.1187
2182,11058,2,3,178818.7426
2183,9627,2,3,180422.05
2184,9825,1,3,178601.9365
2185,12102,2,3,183083.1598
2186,6500,3,3,173163.1015
2187,9638,2,3,185968.1612
2188,7200,2,3,171226.0507
2189,47007,4,5,281643.9761
2190,6012,2,2,160031.7113
2191,6845,2,2,162775.9798
2192,6931,2,2,160735.446
2193,12180,2,2,166646.109
2194,8050,2,4,188384.5484
2195,9520,1,2,165830.6973
2196,7692,1,3,182138.3585
2197,5142,2,3,171595.398
2198,7290,2,2,160337.0792
2199,7804,6,4,191215.0887
2200,8969,2,2,166956.0932
2201,15564,1,3,186581.8309
2202,7609,3,3,176450.5486
2203,9650,1,4,193743.1949
2204,11700,2,4,198882.5661
2205,9260,1,3,176385.1022
2206,7801,2,2,162447.6393
2207,9670,2,4,193782.5557
2208,12392,4,3,183653.8909
2209,26073,3,3,210578.6235
2210,1879,1,2,158527.1641
2211,7000,2,2,163081.0257
2212,6000,1,3,174388.8674
2213,8155,1,4,191905.8701
2214,6000,2,3,174388.8674
2215,7392,1,2,161642.7116
2216,9000,2,4,186939.5072
2217,14584,1,2,172482.1658
2218,5280,1,2,159695.9998
2219,5150,1,2,157230.3697
2220,9000,2,3,179188.0899
2221,3843,4,2,157972.8212
2222,3811,4,2,156804.9514
2223,23730,4,3,211491.9725
2224,11050,3,3,186537.2462
2225,10260,4,4,200468.1611
2226,9990,3,3,182241.3404
2227,4084,3,2,157342.2259
2228,11563,3,3,182022.3871
2229,12852,4,3,181244.5109
2230,9802,3,3,178556.6716
2231,12018,3,3,189547.1999
2232,12890,2,3,187948.6517
2233,18265,2,3,194107.2876
2234,11202,3,3,183521.7104
2235,7915,3,3,183682.1236
2236,11449,3,3,178483.3531
2237,11447,4,3,184003.8798
2238,8940,4,2,171318.5903
2239,9278,1,2,162039.7543
2240,4500,3,2,154846.2522
2241,14137,2,3,194822.3657
2242,4224,1,3,169788.7388
2243,2665,2,4,178891.5545
2244,1974,2,2,152084.7724
2245,1596,2,1,139169.8664
2246,17979,2,3,192439.536
2247,1477,3,3,161067.8598
2248,6490,2,2,158762.6485
2249,6600,1,3,175569.6904
2250,12395,1,3,183659.795
2251,56600,2,4,280618.1326
2252,10667,2,3,180051.8092
2253,8872,3,3,176519.1803
2254,10147,3,3,179028.4292
2255,8637,4,3,177161.5839
2256,7875,3,3,180081.5088
2257,7500,4,5,205895.2546
2258,9556,2,3,183389.7813
2259,7655,3,3,178543.6479
2260,18160,2,3,194798.3205
2261,4740,3,2,162845.6137
2262,5118,2,1,148103.867
2263,12328,5,4,201016.1711
2264,51974,4,4,277936.1269
2265,41600,3,3,249768.2798
2266,8035,3,2,161596.0522
2267,14082,3,1,158011.1149
2268,13870,3,3,194089.6839
2269,10960,3,3,181733.3369
2270,12090,3,3,182852.3277
2271,12299,3,3,189893.0031
2272,11339,4,4,194650.211
2273,11850,2,3,187904.4613
2274,10400,3,2,171774.9256
2275,13001,3,2,177998.6859
2276,8991,3,3,175648.4843
2277,8000,4,4,196918.0714
2278,9457,2,3,184299.8381
2279,7920,1,3,182379.8557
2280,17199,1,2,184050.7258
2281,4113,2,2,158296.976
2282,10943,3,2,175053.3556
2283,2205,2,3,162293.3761
2284,2058,2,4,186328.88
2285,2304,2,2,151422.1169
2286,7150,2,3,181969.3587
2287,12469,3,3,189122.677
2288,11825,2,3,185645.4752
2289,14333,4,2,182829.8981
2290,13641,4,3,195848.7882
2291,13440,3,4,198785.0596
2292,15431,4,2,181676.1266
2293,13891,3,3,194131.0127
2294,13654,3,4,201416.0049
2295,17169,5,2,185096.5772
2296,16659,3,3,195158.9726
2297,9709,4,3,184795.7837
2298,13615,3,3,189168.2639
2299,13069,3,5,216855.2601
2300,14277,4,3,184946.6425
2301,12568,4,3,189317.5128
2302,9926,3,3,180803.2778
2303,9254,3,3,175061.1859
2304,10732,3,3,179074.8391
2305,3901,3,1,145708.7643
2306,3903,3,1,142398.0228
2307,6289,3,2,161474.5349
2308,4590,2,2,157025.9452
2309,7841,3,2,163424.0378
2310,6240,2,2,164692.7786
2311,3242,3,2,152163.2444
2312,15810,3,3,192383.2155
2313,10237,3,3,182520.2303
2314,13204,2,3,187254.5075
2315,8857,3,3,176489.6597
2316,9729,4,3,181520.4668
2317,12216,3,3,186414.9782
2318,8229,3,3,185197.7646
2319,7713,3,3,178657.7941
2320,7697,2,3,179731.198
2321,3621,3,2,161748.2713
2322,3710,2,2,158608.7491
2323,16219,3,2,178807.3706
2324,11084,4,3,184187.1588
2325,10936,3,3,181686.104
2326,11950,3,3,190311.0502
2327,7875,3,4,192252.4964
2328,8740,3,4,193954.8495
2329,9487,4,3,181044.2016
2330,9649,3,3,180258.1312
2331,12191,4,4,199641.6573
2332,10557,4,4,197530.7752
2333,11002,4,4,191777.1969
2334,10790,3,4,195779.543
2335,11762,4,4,202112.0465
2336,9044,3,4,192343.3481
2337,9910,2,3,185191.3594
2338,11830,3,3,186760.208
2339,10612,2,3,177733.7819
2340,12291,3,1,164430.3912
2341,9965,5,3,185299.6016
2342,8847,3,3,186414.0123
2343,8251,3,3,176401.9211
2344,9605,3,3,182381.3226
2345,8778,3,3,176334.1847
2346,8640,2,3,184901.7358
2347,9000,2,3,180085.7669
2348,8640,3,3,184901.7358
2349,10411,3,3,183967.5615
2350,12217,4,3,193046.3016
2351,10440,2,2,168538.9695
2352,11824,2,2,170157.842
2353,10625,3,4,196559.7093
2354,7500,2,3,177133.7094
2355,7500,2,3,181553.2796
2356,12450,2,3,185770.6066
2357,7441,2,3,177017.5951
2358,11613,3,3,184123.3585
2359,8012,2,2,165970.3575
2360,6285,2,2,158151.985
2361,7476,3,3,177086.4764
2362,19522,4,3,196373.8962
2363,10751,2,2,172465.7071
2364,12712,2,2,168590.7824
2365,4379,3,2,158820.4742
2366,3523,3,2,151611.3706
2367,3784,3,2,152125.0286
2368,3606,3,2,158404.0731
2369,5330,3,2,160692.0786
2370,2280,4,3,170175.2268
2371,2117,3,3,169854.4366
2372,7321,2,3,183410.7858
2373,8010,4,3,180347.194
2374,8413,4,3,178930.5284
2375,9466,3,1,153346.2201
2376,12000,4,3,182675.2043
2377,17778,3,2,180770.6498
2378,11700,3,3,188714.1481
2379,8000,4,4,191393.6086
2380,8723,2,3,174016.1575
2381,11700,3,3,183189.6853
2382,11358,2,3,183621.5088
2383,9547,2,2,168991.2964
2384,10530,4,3,185306.6507
2385,10738,3,3,189030.6803
2386,10800,2,3,179208.6657
2387,8050,2,3,174901.4528
2388,10899,2,2,168337.4065
2389,7450,1,2,158234.9646
2390,14357,2,2,179562.4534
2391,8243,1,3,174176.3916
2392,8680,1,3,173931.5318
2393,8800,3,3,184111.7294
2394,9200,2,3,179374.482
2395,8800,3,5,207348.8119
2396,11382,2,3,186983.4193
2397,22002,3,3,206779.094
2398,12172,1,2,177472.0747
2399,5000,2,2,156727.9483
2400,3500,2,2,157090.5685
2401,5175,1,2,160387.0327
2402,9600,2,2,172410.2801
2403,8668,2,4,191603.3657
2404,10050,3,3,182152.2072
2405,9600,2,3,180161.6973
2406,8760,2,2,169652.2353
2407,6860,2,3,182503.5201
2408,8250,2,3,179714.6307
2409,9100,1,3,180282.5707
2410,9736,1,4,192600.3381
2411,9770,2,2,166115.4912
2412,12198,1,3,186379.5535
2413,10050,2,3,184361.9923
2414,11556,2,3,186220.9655
2415,8078,2,4,198176.4709
2416,10950,1,2,168437.7765
2417,7942,2,3,178003.5823
2418,8540,2,3,179180.4692
2419,7150,2,4,191930.5611
2420,8400,2,3,175590.2662
2421,9532,2,3,176713.1931
2422,15783,1,2,180159.0909
2423,14190,2,3,188090.1008
2424,12099,2,3,186184.7177
2425,21281,4,4,223055.5887
2426,10284,3,1,158270.7531
2427,10800,2,3,184733.1285
2428,10090,3,4,199926.379
2429,8700,2,3,175075.7852
2430,8300,2,3,180917.9251
2431,7200,2,3,182067.7606
2432,7500,2,3,178238.6019
2433,7315,2,3,173454.9446
2434,7903,3,3,176821.9363
2435,8000,2,3,183642.1913
2436,7000,1,3,177254.5827
2437,6600,1,2,168715.9501
2438,6760,2,3,180096.9312
2439,6978,1,2,160620.7282
2440,6000,1,3,175286.5444
2441,4480,2,2,153494.7833
2442,3153,1,2,156407.6592
2443,7200,1,2,162162.5252
2444,9000,1,2,166809.8868
2445,5925,1,3,172929.1564
2446,9639,3,4,193514.3309
2447,10337,3,3,181612.1416
2448,9863,3,4,191745.3864
2449,4571,1,3,171369.325
2450,8398,2,3,184425.4706
2451,3600,2,3,170563.2524
2452,13500,2,3,184522.3692
2453,8626,1,2,164968.9479
2454,11800,2,1,157939.6216
2455,6854,2,1,151520.3816
2456,8674,2,3,176129.5087
2457,6125,2,3,171112.979
2458,6000,2,3,169762.0816
2459,6120,1,2,162246.8289
2460,6240,3,3,171339.3034
2461,6240,2,4,189034.7537
2462,6240,1,3,175758.8736
2463,6120,2,2,163351.7215
2464,7755,3,4,189806.5466
2465,8850,1,3,175370.9909
2466,8550,1,4,196895.5999
2467,5700,3,3,176905.918
2468,5680,2,3,176866.5572
2469,5680,1,2,163590.6772
2470,13200,3,5,212693.503
2471,9780,2,4,192686.9317
2472,10320,2,3,181578.685
2473,4330,3,3,166475.4576
2474,10320,2,3,185998.2552
2475,12888,3,3,185527.7149
2476,4484,2,2,159027.1182
2477,11235,2,3,181169.6549
2478,11235,2,2,176732.9153
2479,14299,2,3,191619.2946
2480,14149,3,3,189114.3038
2481,11677,2,3,180934.6353
2482,8425,2,2,164573.3722
2483,8665,1,3,173902.0113
2484,8398,2,2,165625.1277
2485,8169,2,3,179555.2196
2486,14175,2,3,196899.7207
2487,16779,3,4,207566.1247
2488,6960,2,2,163899.9811
2489,11375,1,3,189179.4282
2490,13770,2,3,193892.88
2491,9000,1,3,178980.8743
2492,11075,2,3,179749.8762
2493,17541,2,3,197999.675
2494,22692,2,3,203717.4703
2495,17808,1,2,185249.2612
2496,12671,3,4,201691.2083
2497,10512,2,3,181956.5483
2498,5400,2,3,171895.9363
2499,11515,1,3,187245.1684
2500,3869,2,2,157816.7746
2501,9280,2,4,191702.9126
2502,11100,2,4,198599.42
2503,7550,2,4,187193.3137
2504,23920,2,4,220514.994
2505,9317,4,3,181814.5276
2506,9178,2,3,183750.7554
2507,10481,3,3,183000.4317
2508,10235,2,3,185830.9719
2509,11750,2,3,185497.8723
2510,8760,2,3,179613.4377
2511,7242,2,2,164454.968
2512,9316,3,3,185127.2372
2513,8883,4,3,178750.6138
2514,20064,3,0,160927.6104
2515,14217,2,3,192562.8081
2516,10021,4,3,180990.2415
2517,8428,2,3,180064.9415
2518,16561,3,3,196070.9974
2519,10820,3,3,180352.919
2520,12352,4,3,183367.9538
2521,9543,3,3,176734.8415
2522,8826,4,3,180848.2208
2523,11800,1,3,187806.0594
2524,8660,2,3,180521.5264
2525,9720,2,3,181502.7545
2526,8982,2,3,174525.8794
2527,16300,2,3,188927.9841
2528,9675,1,3,184728.8704
2529,7200,2,3,179857.9755
2530,7200,1,3,180962.8681
2531,11354,3,3,179194.0664
2532,8749,4,3,179591.7893
2533,8158,3,3,180638.4637
2534,11927,2,3,185846.2151
2535,12728,4,4,195174.0311
2536,15295,4,3,192474.5683
2537,17227,3,1,164200.5955
2538,8145,3,3,178403.0941
2539,8769,3,2,170774.8402
2540,8334,2,3,179879.9459
2541,8333,3,3,177668.1928
2542,9045,3,3,180174.3286
2543,9825,2,2,170643.3036
2544,8308,1,2,165448.0043
2545,16287,2,3,195531.7549
2546,8240,1,2,165314.1777
2547,6285,2,3,172532.7577
2548,9555,3,5,203310.2181
2549,7023,4,3,175090.0625
2550,39290,5,2,230841.3386
2551,3675,2,2,155225.1901
2552,6400,2,2,168322.3424
2553,6882,2,2,165956.2593
2554,8741,2,4,193956.8176
2555,10042,2,2,171070.3679
2556,8172,1,2,166285.2436
2557,8172,2,3,182875.8013
2558,10890,4,6,218108.5368
2559,7223,1,3,174378.7776
2560,6821,2,2,164731.3164
2561,4000,2,2,156969.6951
2562,6720,1,3,173388.8543
2563,7155,1,3,177559.6287
2564,7230,3,4,194297.7893
2565,13108,2,2,174894.5884
2566,7810,2,4,196544.1441
2567,6221,2,3,179036.1585
2568,25485,2,3,211423.9865
2569,21579,3,3,208156.3989
2570,1782,1,2,159233.9413
2571,17871,2,4,210820.1151
2572,3907,2,1,140196.1098
2573,20693,2,3,198678.4691
2574,18044,3,2,186818.6108
2575,7000,1,3,175044.7976
2576,7288,2,3,180031.1629
2577,9060,2,3,176889.1715
2578,3672,1,2,159638.8562
2579,11067,1,1,154287.2644
2580,8250,2,4,191885.6182
2581,6565,2,3,177503.3786
2582,6060,1,2,166548.3168
2583,5568,4,2,164475.1494
2584,12150,3,2,167484.7449
2585,10000,2,3,188683.1606
2586,12864,3,1,162243.3995
2587,9928,3,3,180807.2139
2588,8750,2,3,176279.0796
2589,8410,2,2,163438.9591
2590,4054,3,2,161495.5394
2591,19958,3,4,216032.3037
2592,8368,2,3,176632.1815
2593,8298,2,2,168743.0016
2594,10331,3,3,183810.1185
2595,6718,2,2,156794.3605
2596,11305,3,2,169136.4301
2597,7777,2,3,183203.3188
2598,11800,5,5,213252.9269
2599,12633,2,3,190550.3279
2600,43500,1,2,234707.2099
2601,6710,3,0,135751.3189
2602,1504,2,3,164228.4589
2603,1533,2,2,153219.437
2604,1495,2,3,164210.7465
2605,1890,2,3,163883.2291
2606,9129,2,1,154892.7763
2607,15957,4,3,197092.0873
2608,33983,3,3,228148.3764
2609,8286,3,3,178680.5875
2610,6723,2,2,165643.3412
2611,27697,1,3,222406.6427
2612,11000,3,3,184021.8436
2613,11625,2,2,170871.0949
2614,10447,2,3,189562.8737
2615,11027,3,2,170591.885
2616,10533,2,2,172934.3517
2617,11765,2,3,186425.0699
2618,39384,3,1,218648.1311
2619,11727,2,3,183035.6068
2620,8238,4,3,178378.9061
2621,13041,3,3,184516.7166
2622,9783,3,3,181419.5253
2623,13128,3,4,196858.9234
2624,13751,4,3,189228.7015
2625,13108,3,4,208973.3808
2626,8076,3,3,180269.869
2627,3701,2,2,159488.7137
2628,16023,5,3,191490.2995
2629,18062,4,5,228684.2451
2630,12292,3,4,201842.9987
2631,16052,4,4,209242.8229
2632,15922,4,4,202357.6226
2633,8147,3,2,168238.6122
2634,18261,4,3,202524.1247
2635,10464,2,2,170588.7719
2636,10530,3,4,198375.3151
2637,9927,2,2,170636.8279
2638,9512,4,3,181991.0795
2639,10530,3,3,183994.5425
2640,10000,2,3,182951.4822
2641,7200,2,3,174126.2972
2642,8773,3,2,170575.4967
2643,2760,2,3,175332.2399
2644,2160,2,3,167522.0615
2645,1890,2,3,168095.5837
2646,1680,2,2,154406.4156
2647,1680,2,3,170996.9733
2648,4043,3,2,159056.8902
2649,7514,2,3,181373.6165
2650,2280,3,2,152272.561
2651,2179,3,3,168664.3468
2652,16387,4,4,211007.0083
2653,16163,2,2,182909.515
2654,12228,2,4,203926.8294
2655,14780,3,2,179082.8254
2656,13975,3,4,206260.0998
2657,9942,4,3,181732.4434
2658,12867,3,3,189698.7407
2659,10672,3,4,203074.3468
2660,11643,4,4,201670.6344
2661,13758,3,2,173756.8126
2662,14828,3,2,181387.0764
2663,13215,4,3,184859.1553
2664,5911,3,2,158313.6157
2665,7740,3,1,151951.9554
2666,6373,3,2,162537.527
2667,10237,3,3,178998.3371
2668,10237,3,3,186732.5849
2669,11660,2,3,187323.3184
2670,11631,3,4,199437.2328
2671,9073,3,3,185546.6809
2672,3087,3,2,161595.0158
2673,2938,3,2,154672.4228
2674,3072,3,2,159355.7101
2675,3010,2,2,155919.0141
2676,9171,3,3,182424.871
2677,8658,3,3,178100.5896
2678,12104,4,4,202577.9
2679,9660,4,3,177862.7789
2680,9545,4,3,182056.0247
2681,9233,4,4,191403.1992
2682,10019,3,4,196264.755
2683,17242,5,4,209375.0034
2684,10236,4,4,196691.8193
2685,12585,4,3,192458.4315
2686,12447,3,3,182242.8093
2687,15218,4,2,183259.5039
2688,10936,2,3,188108.2437
2689,8640,2,2,171418.6402
2690,13162,5,3,194698.8822
2691,8125,3,3,174841.8401
2692,7733,2,3,172965.4765
2693,11024,2,3,189386.3237
2694,13072,2,3,185682.6183
2695,7800,3,3,176412.0127
2696,7632,3,3,174976.4897
2697,8304,3,3,180718.5817
2698,9370,4,3,186131.1882
2699,7175,3,2,165220.7864
2700,7175,2,2,164115.8938
2701,9019,3,3,182125.7291
2702,9100,2,3,182285.1402
2703,8927,2,4,196325.4422
2704,9240,1,2,164865.2153
2705,9308,1,3,182694.4922
2706,8450,1,3,185425.4855
2707,8638,2,2,171414.7041
2708,13052,2,3,183433.4725
2709,8020,1,3,176844.9812
2710,8789,1,3,180568.1878
2711,14330,5,3,185948.6255
2712,11025,4,3,189388.2917
2713,3628,2,1,142754.4892
2714,2544,3,2,156106.8008
2715,2998,3,2,155895.3976
2716,4447,3,2,159851.9777
2717,8314,3,3,185157.8323
2718,7180,2,3,180716.2917
2719,13110,3,2,176901.094
2720,10140,3,3,181017.2225
2721,9600,2,3,183269.1594
2722,8640,3,4,193550.8301
2723,9360,2,2,170625.8427
2724,8400,2,3,182012.4059
2725,9759,2,3,179162.5073
2726,9600,2,3,183269.1594
2727,8800,3,3,180589.8362
2728,10368,3,3,181465.9352
2729,9350,2,4,196053.0299
2730,10800,2,3,183421.0203
2731,8550,2,2,167926.8391
2732,9724,1,2,168027.531
2733,9600,2,3,182164.2669
2734,10858,2,2,172469.0716
2735,9600,2,3,181059.3743
2736,9462,2,3,182997.5701
2737,9888,1,2,166140.5042
2738,8917,2,4,198515.5469
2739,12700,2,3,193789.6485
2740,9723,1,2,173550.0257
2741,8400,2,3,176487.9432
2742,9610,2,3,188813.3026
2743,10000,2,3,178531.912
2744,10152,2,3,182145.7315
2745,8092,2,3,179196.465
2746,12778,2,2,169618.3499
2747,10170,2,2,170010.1687
2748,7700,1,3,181739.6717
2749,11050,1,2,172846.935
2750,13600,3,3,195560.883
2751,15428,2,2,180358.1143
2752,21299,3,3,211817.7028
2753,13300,2,2,176170.1287
2754,22136,5,5,234492.2483
2755,7500,2,3,182450.9565
2756,10410,1,2,174902.0681
2757,10914,1,2,173684.1743
2758,7008,1,1,147196.6737
2759,7200,2,3,175231.1897
2760,10818,2,4,193417.6474
2761,10184,2,3,183313.6012
2762,9510,2,3,180882.2508
2763,10800,3,3,186735.698
2764,11650,2,2,172922.8654
2765,18275,4,3,202551.6772
2766,12144,2,3,190485.6341
2767,8544,2,2,173439.4936
2768,8512,2,4,196613.5988
2769,7000,1,3,178152.2597
2770,7400,2,3,174519.9048
2771,7000,2,3,172627.7969
2772,7000,2,3,173732.6895
2773,9856,2,5,209219.8448
2774,9600,2,3,181059.3743
2775,5520,1,4,188515.443
2776,9600,2,3,182164.2669
2777,6451,2,4,188137.9016
2778,3960,1,2,158893.5431
2779,7745,2,4,189579.6507
2780,7741,1,2,165229.8035
2781,5633,1,2,162186.0712
2782,7200,1,2,166374.8799
2783,7614,1,2,161665.185
2784,6000,2,3,175079.3288
2785,6000,2,5,203840.874
2786,7830,2,1,152129.0789
2787,9576,2,3,181012.1414
2788,5747,1,2,161305.535
2789,6300,2,5,203326.393
2790,5976,2,2,168385.5711
2791,9750,1,3,183564.3652
2792,4761,1,2,163784.6194
2793,11737,1,2,171989.1922
2794,6120,2,3,180839.9562
2795,6120,1,3,170895.9232
2796,11672,1,2,174071.0548
2797,33120,2,5,259423.8591
2798,10320,2,3,188000.8247
2799,7518,1,3,179171.7036
2800,9000,1,2,171022.2414
2801,7200,1,3,174126.2972
2802,12375,2,3,187625.5733
2803,11136,2,4,199567.9464
2804,21370,1,3,205328.0782
2805,8250,1,2,166231.535
2806,5220,1,2,154743.9161
2807,5500,3,2,159714.537
2808,11327,2,3,185563.0691
2809,10366,2,2,171500.7967
2810,9000,2,3,180983.4438
2811,9535,3,3,183141.2369
2812,7176,2,3,178498.6345
2813,9662,2,6,224323.7105
2814,8235,2,6,218200.6421
2815,17529,1,2,182283.1778
2816,20355,2,2,190054.6392
2817,13050,2,1,160192.4539
2818,10820,2,2,171289.3936
2819,1700,4,2,151131.0987
2820,9375,2,3,181721.4582
2821,6488,1,3,172725.0539
2822,19950,2,4,222438.6991
2823,19800,4,5,235419.3734
2824,11679,3,3,185150.926
2825,12048,1,3,184772.2396
2826,10519,2,3,180658.2164
2827,9525,2,5,209673.3166
2828,12128,3,4,205939.8106
2829,9069,4,2,165633.5733
2830,11003,3,3,186030.3172
2831,7488,2,2,160312.3196
2832,13377,3,3,190702.4403
2833,11645,4,2,175122.8103
2834,10984,3,3,183783.1394
2835,9316,2,3,178290.6663
2836,9316,3,3,181605.344
2837,12000,3,3,187992.4514
2838,13015,2,3,188885.1178
2839,12438,3,3,189959.3448
2840,8685,3,3,179258.6192
2841,9272,3,3,181518.7503
2842,13426,4,3,193008.6592
2843,8340,2,3,186313.8939
2844,10385,3,3,181499.3919
2845,7200,1,3,174126.2972
2846,9930,3,3,183918.6121
2847,9468,4,3,184114.2709
2848,11088,3,1,158540.9478
2849,8726,3,4,197034.7591
2850,10566,4,3,185170.2845
2851,21533,3,4,221134.5336
2852,11250,4,3,184306.6376
2853,11250,4,4,199792.3027
2854,4435,2,1,143237.8036
2855,8810,3,3,177294.8389
2856,8581,3,3,182368.6209
2857,8400,3,3,176487.9432
2858,8772,3,3,183849.4088
2859,8777,3,3,184964.1415
2860,7840,4,4,196395.9696
2861,16133,2,2,188374.9367
2862,7162,3,3,176261.2968
2863,8050,2,2,163628.1422
2864,11060,3,3,180618.0326
2865,3675,2,2,161647.3298
2866,2522,2,3,167129.5989
2867,6956,1,3,174750.9884
2868,7822,2,3,177560.2021
2869,8707,2,4,192577.7961
2870,16012,3,3,199202.899
2871,8248,1,3,182818.1567
2872,8088,1,1,148217.2625
2873,11388,1,3,188997.7971
2874,10890,3,3,185807.9289
2875,6430,2,3,177030.4778
2876,7000,2,3,175942.4746
2877,4899,1,3,172912.5186
2878,9399,2,4,198359.2489
2879,10164,2,3,184379.133
2880,6191,1,4,194255.5669
2881,21780,2,3,209449.6516
2882,12400,2,2,169979.324
2883,8170,2,4,188206.2819
2884,12320,2,3,186412.4386
2885,14210,2,3,196761.3864
2886,15600,3,4,208353.2696
2887,7288,2,2,166548.0672
2888,7000,2,3,175942.4746
2889,8534,1,2,166790.4579
2890,7030,1,2,160515.8506
2891,9060,2,4,192167.6211
2892,12366,1,2,178751.5511
2893,9000,2,4,198678.8941
2894,8520,1,2,164553.1203
2895,5748,4,2,156887.9329
2896,3842,4,2,164185.7773
2897,23580,3,3,212992.1206
2898,8385,2,4,197468.5505
2899,9116,2,3,180106.8437
2900,11080,3,3,183972.0711
2901,50102,2,2,245283.1983
2902,8098,3,2,170351.9634
2903,13618,3,3,195596.3077
2904,11577,3,3,189369.7563
2905,31250,2,3,223667.4046
2906,7020,4,2,169335.3106
2907,2665,2,3,167411.0284
2908,10172,2,3,187709.555
2909,11836,2,4,196526.003
2910,1470,2,1,137402.5699
2911,1484,2,3,165086.7751
2912,13384,2,3,188506.4314
2913,1533,2,3,172917.4568
2914,1526,2,3,166274.3252
2915,1936,2,3,167081.2209
2916,1894,2,3,164788.7782
2917,20000,2,4,219222.4234
2918,10441,2,3,184924.2797
2919,9627,3,3,187741.8667